,Daily Return_mean,Daily Return_std,Cumulative Return_mean,30 Day MA_mean,30 Day STD_mean,30 Day EMA_mean,RSI_mean,Bollinger High_mean,Bollinger Low_mean,Volume_mean
Daily Return_mean,1.0,-0.06528689158812487,0.7953025803435676,0.31327042297393254,0.30417986444029255,0.31352880306017755,0.9048462785823826,0.31408030975327617,0.3121035177461168,-0.09277563829179587
Daily Return_std,-0.06528689158812487,1.0,0.08280187921092222,-0.04592058783573996,0.21670119542500121,-0.04605305457554542,-0.1858981057370388,-0.028455797861397132,-0.06584129137564304,0.10856914562896355
Cumulative Return_mean,0.7953025803435676,0.08280187921092222,1.0,0.27952085130450266,0.322624718486032,0.27934130830163467,0.704911165844404,0.28369001400301924,0.2745414935937283,-0.03409789965554232
30 Day MA_mean,0.31327042297393254,-0.04592058783573996,0.27952085130450266,1.0,0.9278863132188673,0.999999227322623,0.30537362732967305,0.9996851487602092,0.9995888966482446,-0.329395837915708
30 Day STD_mean,0.30417986444029255,0.21670119542500121,0.322624718486032,0.9278863132188673,1.0,0.9278731813346651,0.24652521714711448,0.936950013269389,0.9168144198268812,-0.2979010023863977
30 Day EMA_mean,0.31352880306017755,-0.04605305457554542,0.27934130830163467,0.999999227322623,0.9278731813346651,1.0,0.30558090830520934,0.9996835408613444,0.9995890789304214,-0.3293892570309019
RSI_mean,0.9048462785823826,-0.1858981057370388,0.704911165844404,0.30537362732967305,0.24652521714711448,0.30558090830520934,1.0,0.3027992144879279,0.3080798716872926,-0.1294331509948572
Bollinger High_mean,0.31408030975327617,-0.028455797861397132,0.28369001400301924,0.9996851487602092,0.936950013269389,0.9996835408613444,0.3027992144879279,1.0,0.9985547600223872,-0.32877120283229244
Bollinger Low_mean,0.3121035177461168,-0.06584129137564304,0.2745414935937283,0.9995888966482446,0.9168144198268812,0.9995890789304214,0.3080798716872926,0.9985547600223872,1.0,-0.32985565524888233
Volume_mean,-0.09277563829179587,0.10856914562896355,-0.03409789965554232,-0.329395837915708,-0.2979010023863977,-0.3293892570309019,-0.1294331509948572,-0.32877120283229244,-0.32985565524888233,1.0
